{"hashes":{"455d1a3b5f7fa199f27cb165fa6f54df7972fbb6c62d422a14c2415791175931":{"appid":"pghocgajpebopihickglahgebcmkcekh","fp":""},"5110a67904f33f66a66cc9be4dd3da419a596de32daae8f62baa998d3be5ca83":{"appid":"ndikpojcjlepofdkaaldkinkjbeeebkl","fp":""},"6b1561d18d6d7d238c1fa4fb8aef54e1f1e6b574d958bc0a41ca955f90afd7dc":{"appid":"fgbafbciocncjfbbonhocjaohoknlaco","fp":""},"a99d66cfce8ca170740ce0403956f4dfaf4683829a89f4b7ad9c95303871e284":{"appid":"eeobbhfgfagbclfofmgbdfoicabjdbkn","fp":""},"b987bdc4f2ad2a409b964921d4a5db1cdbe07f9c98f868293b4cc32acdc42cec":{"appid":"alpjnmnfbgfkmmpcfpejmmoebdndedno","fp":""}}}